,stops,boardings,alightings
116,ROCKVILLE STATION  & BAY A - WEST,8623.0,8096.0
135,SHADY GROVE STATION  & BAY C - EAST,5132.0,4087.0
40,GERMANTOWN TRANSIT CENTER  & BAY B,5120.0,5095.0
144,TWINBROOK STATION  & BAY A - WEST,5103.0,4558.0
55,MEDICAL CENTER STATION  & BAY D,4733.0,4174.0
48,LAKEFOREST TRANSIT CENTER  & ODENDH,4609.0,4284.0
119,S CAMPUS DR & CAMPUS DR,4051.0,3335.0
93,ROCKVILLE PIKE & MARINELLI RD,3720.0,2760.0
81,ROCKVILLE PIKE & EDMONSTON DR,2452.0,2397.0
88,ROCKVILLE PIKE & HALPINE RD,1667.0,564.0
68,ODENDHAL AVE & FREDERICK AVE,1619.0,1636.0
112,ROCKVILLE PIKE & TUCKERMAN LN,1608.0,856.0
44,HUNGERFORD DR & FREDERICK AVE,1577.0,1933.0
75,ROCKVILLE PIKE & BOU AVE,1414.0,1297.0
102,ROCKVILLE PIKE & RANDOLPH RD,1395.0,1274.0
79,ROCKVILLE PIKE & CONGRESSIONAL LN,1354.0,1627.0
145,UNKNOWN,1237.0,1609.0
64,N WASHINGTON ST & DAWSON AVE,1101.0,1103.0
138,SHAKESPEARE BLVD & OBSERVATION DR,1048.0,2082.0
124,S FREDERICK AVE & EDUCATION BLVD,965.0,473.0
56,MONROE ST & MONROE PL,959.0,889.0
63,N WASHINGTON ST & BEALL AVE,942.0,945.0
23,FREDERICK RD & GUNNERS BRANCH RD,891.0,1191.0
130,S FREDERICK AVE & SUMMIT AVE,875.0,527.0
101,ROCKVILLE PIKE & POOKS HILL RD,852.0,806.0
65,N WASHINGTON ST & MARTINS LN,806.0,861.0
67,OBSERVATION DR & MONTGOMERY COLLEGE,797.0,616.0
18,FREDERICK RD & APPLEDOWRE WAY,724.0,445.0
110,ROCKVILLE PIKE & TEMPLETON PL,713.0,691.0
76,ROCKVILLE PIKE & BOUIC AVE,697.0,601.0
104,ROCKVILLE PIKE & ROLLINS AVE,680.0,1226.0
35,FREDERICK RD & SHADY GROVE RD,672.0,796.0
140,TRAVIS AVE & TRAVIS LN,660.0,484.0
99,ROCKVILLE PIKE & OLD GEORGETOWN RD,631.0,880.0
31,FREDERICK RD & OXBRIDGE DR,631.0,439.0
71,ROCKVILLE PIKE & @1001,607.0,277.0
126,S FREDERICK AVE & N WESTLAND DR,549.0,187.0
106,ROCKVILLE PIKE & SECURITY LN,533.0,426.0
4,CHRISTOPHER AVE & MONTGOMERY VILLAG,531.0,502.0
49,LOST KNIFE RD & CIDER MILL APTS,526.0,216.0
122,S FREDERICK AVE & DEER PARK DR,522.0,273.0
94,ROCKVILLE PIKE & MT VERNON PL,518.0,543.0
57,N FREDERICK AVE & BROOKS AVE,518.0,426.0
109,ROCKVILLE PIKE & TALBOTT ST,504.0,868.0
115,ROCKVILLE PIKE & WOOTTON PKWY,482.0,306.0
70,ODENDHAL AVE & RUSSELL AVE,478.0,644.0
8,CONTOUR RD & LOST KNIFE RD,463.0,147.0
41,GROSVENOR STATION  & BAY E,448.0,1088.0
5,CHRISTOPHER AVE & RUSSELL AVE,446.0,643.0
20,FREDERICK RD & COLLEGE PKWY,408.0,510.0
91,ROCKVILLE PIKE & HUBBARD DR,405.0,1110.0
96,ROCKVILLE PIKE & NICHOLSON LN,405.0,596.0
66,N WASHINGTON ST & MIDDLE LN,392.0,463.0
32,FREDERICK RD & PLUMMER DR,368.0,224.0
60,N FREDERICK AVE & MONTGOMERY AVE,365.0,429.0
12,E MIDDLE LN & MARYLAND AVE,363.0,45.0
28,FREDERICK RD & MIDDLEBROOK RD,356.0,384.0
125,S FREDERICK AVE & FULKS CORNER AVE,353.0,230.0
54,MANNAKEE ST & HUNGERFORD DR,350.0,623.0
103,ROCKVILLE PIKE & RICHARD MONTGOMERY,346.0,151.0
90,ROCKVILLE PIKE & HOYA ST,335.0,129.0
123,S FREDERICK AVE & DEER PARK RD,334.0,158.0
100,ROCKVILLE PIKE & PIKE CENTER,327.0,481.0
120,S FREDERICK AVE & CEDAR AVE,325.0,307.0
33,FREDERICK RD & REDLAND RD,324.0,348.0
129,S FREDERICK AVE & S WESTLAND DR,317.0,393.0
83,ROCKVILLE PIKE & EXECUTIVE BLVD,311.0,571.0
61,N FREDERICK AVE & PROFESSIONAL DR,306.0,383.0
2,CHRISTOPHER AVE & GALLOP HILL RD,296.0,45.0
7,CONTOUR RD & HORIZON RUN RD,289.0,247.0
62,N FREDERICK AVE & WHETSTONE DR,282.0,233.0
84,ROCKVILLE PIKE & FIRST ST,274.0,543.0
111,ROCKVILLE PIKE & THOMPSON AVE,263.0,370.0
51,LOST KNIFE RD & MONTGOMERY VILLAGE,262.0,203.0
3,CHRISTOPHER AVE & HELLINGLY PL,256.0,212.0
50,LOST KNIFE RD & CONTOUR RD,255.0,449.0
58,N FREDERICK AVE & CHESTNUT ST,250.0,210.0
95,ROCKVILLE PIKE & NEW ST,250.0,202.0
74,ROCKVILLE PIKE & BETH MED PRK DR,237.0,67.0
17,FREDERICK RD & @20010,236.0,124.0
34,FREDERICK RD & SCENERY DR,234.0,462.0
141,TRAVIS AVE & TRAVIS VIEW CT,231.0,327.0
114,ROCKVILLE PIKE & WOODMONT STATION,231.0,243.0
107,ROCKVILLE PIKE & SOUTH WOOD RD,231.0,19.0
13,E MIDDLE LN & MONROE ST,230.0,201.0
1,CHRISTOPHER AVE & FEATHERTREE WAY,219.0,94.0
21,FREDERICK RD & GERMANTOWN RD,195.0,267.0
19,FREDERICK RD & ARCHDALE RD,193.0,26.0
78,ROCKVILLE PIKE & CEDAR LN,192.0,80.0
132,S FREDERICK AVE & WESTLAND DR,191.0,193.0
59,N FREDERICK AVE & MARYLAND AVE,185.0,282.0
6,CHRISTOPHER AVE & VILLAGE OVERLOOK,184.0,274.0
10,CONTOUR RD & TUNSTALL DR,177.0,83.0
98,ROCKVILLE PIKE & NORTH WOOD DR,174.0,24.0
9,CONTOUR RD & ODENDHAL AVE,172.0,102.0
137,SHAKESPEARE BLVD & MILESTONE PARK &,155.0,696.0
127,S FREDERICK AVE & O'NEILL DR,140.0,97.0
22,FREDERICK RD & GUDE DR,139.0,188.0
108,ROCKVILLE PIKE & STRATHMORE AVE,137.0,166.0
80,ROCKVILLE PIKE & COUNTRY CLUB RD,135.0,308.0
39,GERMANTOWN RD & OBSERVATION DR,122.0,29.0
134,S WASHINGTON ST & MONTGOMERY AVE,118.0,51.0
27,FREDERICK RD & MAGNOLIA DR,117.0,250.0
136,SHAKESPEARE BLVD & FREDERICK RD,115.0,1034.0
128,S FREDERICK AVE & ROSEMONT DR,113.0,319.0
25,FREDERICK RD & HIGH POINT DR,110.0,44.0
142,TRAVIS AVE & WATKINS MILL RD,100.0,134.0
146,WATKINS MILL RD & TRAVIS AVE,90.0,36.0
29,FREDERICK RD & MIDWAY CENTER,88.0,49.0
46,HUNGERFORD DR & N CAMPUS DR,86.0,84.0
11,E JEFFERSON ST & MARYLAND AVE,78.0,161.0
37,FREDERICK RD & WHEATFIELD DR,78.0,57.0
53,MANNAKEE ST & CAMPUS DR,76.0,23.0
36,FREDERICK RD & WATKINS POND BLVD,76.0,64.0
118,RUSSELL AVE & WATKINS MILL RD,71.0,137.0
26,FREDERICK RD & INDIANOLA DR,70.0,155.0
139,SOMERVILLE DR & REDLAND RD,69.0,65.0
85,ROCKVILLE PIKE & FLANDERS AVE,64.0,50.0
45,HUNGERFORD DR & MANNAKEE ST,63.0,61.0
131,S FREDERICK AVE & VIRGINIA DR,61.0,23.0
121,S FREDERICK AVE & CENTRAL AVE,61.0,27.0
24,FREDERICK RD & GUNNERS DR,53.0,63.0
82,ROCKVILLE PIKE & ELSMERE AVE,51.0,16.0
86,ROCKVILLE PIKE & GROSVENOR LN,48.0,123.0
89,ROCKVILLE PIKE & HILLERY WAY,47.0,195.0
72,ROCKVILLE PIKE & ALTA VISTA RD,46.0,35.0
73,ROCKVILLE PIKE & BELLEVUE DR,40.0,74.0
117,RUSSELL AVE & CHRISTOPHER AVE,37.0,75.0
42,HALPINE RD & ROCKVILLE PIKE,32.0,669.0
52,MANNAKEE ST & CAMPUS (E) DR,31.0,173.0
87,ROCKVILLE PIKE & GROSVENOR STATION,30.0,15.0
38,GERMANTOWN RD & GOLDENROD LN,30.0,56.0
113,ROCKVILLE PIKE & WICKSHIRE WAY,25.0,70.0
133,S WASHINGTON ST & COURT HOUSE SQ,24.0,220.0
77,ROCKVILLE PIKE & BROAD BROOK DR,20.0,54.0
16,FREDERICK RD & @15501,19.0,45.0
69,ODENDHAL AVE & LOST KNIFE RD,15.0,17.0
97,ROCKVILLE PIKE & NORTH DR,13.0,457.0
30,FREDERICK RD & NEELSVILLE CHURCH RD,12.0,76.0
15,FREDERICK RD & @15,10.0,16.0
14,E MIDDLE LN & WASHINGTON ST,8.0,320.0
47,KING FARM BLVD & FREDERICK RD,5.0,69.0
92,ROCKVILLE PIKE & LOCUST HILL RD,3.0,8.0
0,CHAPMAN AVE & BOUIC AVE,3.0,22.0
143,TUCKERMAN LN & ROCKVILLE PIKE,2.0,103.0
43,HUNGERFORD DR & @700,1.0,3.0
105,ROCKVILLE PIKE & ROSE AVE,1.0,7.0
